{
   "Seapath": {
      "navref_height": 14.8
   },
   "Cam0": {
      "Lens0": {
         "rotation": [
            15.200572826056451,
            -10.744541330978848,
            299.3126463138572
         ],
         "location": [
            4.13,
            0.16,
            -4.5
         ],
         "type": "camera",
         "camera_matrix": [
            2127.319070597423,
            0.0,
            1280.0661436231856,
            0.0,
            2139.316370214829,
            948.7095817029918,
            0.0,
            0.0,
            1.0
         ],
         "distortion_coefficients": [
            -0.10866049945699506,
            0.08047461144310156,
            -0.0009785463151573397,
            0.00047156314402501873,
            0.0
         ]
      },
      "Lens1": {
         "rotation": [
            -2.0,
            -18.3,
            1.58
         ],
         "location": [
            4.13,
            0.16,
            -4.5
         ],
         "type": "camera",
         "camera_matrix": [
            2127.319070597423,
            0.0,
            1280.0661436231856,
            0.0,
            2139.316370214829,
            948.7095817029918,
            0.0,
            0.0,
            1.0
         ],
         "distortion_coefficients": [
            -0.10866049945699506,
            0.08047461144310156,
            -0.0009785463151573397,
            0.00047156314402501873,
            0.0
         ]
      },
      "Lens2": {
         "rotation": [
            -17.380046104256067,
            -6.340272936543726,
            62.579325925242784
         ],
         "location": [
            4.13,
            0.16,
            -4.5
         ],
         "type": "camera",
         "camera_matrix": [
            2127.319070597423,
            0.0,
            1280.0661436231856,
            0.0,
            2139.316370214829,
            948.7095817029918,
            0.0,
            0.0,
            1.0
         ],
         "distortion_coefficients": [
            -0.10866049945699506,
            0.08047461144310156,
            -0.0009785463151573397,
            0.00047156314402501873,
            0.0
         ]
      }
   },
   "Cam1": {
      "Lens0": {
         "rotation": [
            17.180378325046245,
            -6.343225699574607,
            26.67605235123406
         ],
         "location": [
            -15.5,
            8.19,
            -4.5
         ],
         "type": "camera",
         "camera_matrix": [
            2127.319070597423,
            0.0,
            1280.0661436231856,
            0.0,
            2139.316370214829,
            948.7095817029918,
            0.0,
            0.0,
            1.0
         ],
         "distortion_coefficients": [
            -0.10866049945699506,
            0.08047461144310156,
            -0.0009785463151573397,
            0.00047156314402501873,
            0.0
         ]
      },
      "Lens1": {
         "rotation": [
            1.1,
            -17.7,
            87.7
         ],
         "location": [
            -15.5,
            8.19,
            -4.5
         ],
         "type": "camera",
         "camera_matrix": [
            2127.319070597423,
            0.0,
            1280.0661436231856,
            0.0,
            2139.316370214829,
            948.7095817029918,
            0.0,
            0.0,
            1.0
         ],
         "distortion_coefficients": [
            -0.10866049945699506,
            0.08047461144310156,
            -0.0009785463151573397,
            0.00047156314402501873,
            0.0
         ]
      },
      "Lens2": {
         "rotation": [
            -15.161332982573638,
            -9.292411585042826,
            149.5655022145235
         ],
         "location": [
            -15.5,
            8.19,
            -4.5
         ],
         "type": "camera",
         "camera_matrix": [
            2127.319070597423,
            0.0,
            1280.0661436231856,
            0.0,
            2139.316370214829,
            948.7095817029918,
            0.0,
            0.0,
            1.0
         ],
         "distortion_coefficients": [
            -0.10866049945699506,
            0.08047461144310156,
            -0.0009785463151573397,
            0.00047156314402501873,
            0.0
         ]
      }
   },
   "Cam2": {
      "Lens0": {
         "rotation": [
            16.121849529524482,
            -8.299474196053387,
            122.51370717286925
         ],
         "location": [
            -69.05,
            0.36,
            -4.5
         ],
         "type": "camera",
         "camera_matrix": [
            2127.319070597423,
            0.0,
            1280.0661436231856,
            0.0,
            2139.316370214829,
            948.7095817029918,
            0.0,
            0.0,
            1.0
         ],
         "distortion_coefficients": [
            -0.10866049945699506,
            0.08047461144310156,
            -0.0009785463151573397,
            0.00047156314402501873,
            0.0
         ]
      },
      "Lens1": {
         "rotation": [
            0.8,
            -17.95,
            184.1
         ],
         "location": [
            -69.05,
            0.36,
            -4.5
         ],
         "type": "camera",
         "camera_matrix": [
            2127.319070597423,
            0.0,
            1280.0661436231856,
            0.0,
            2139.316370214829,
            948.7095817029918,
            0.0,
            0.0,
            1.0
         ],
         "distortion_coefficients": [
            -0.10866049945699506,
            0.08047461144310156,
            -0.0009785463151573397,
            0.00047156314402501873,
            0.0
         ]
      },
      "Lens2": {
         "rotation": [
            -15.38199021995034,
            -9.399599933472874,
            245.99852563996126
         ],
         "location": [
            -69.05,
            0.36,
            -4.5
         ],
         "type": "camera",
         "camera_matrix": [
            2127.319070597423,
            0.0,
            1280.0661436231856,
            0.0,
            2139.316370214829,
            948.7095817029918,
            0.0,
            0.0,
            1.0
         ],
         "distortion_coefficients": [
            -0.10866049945699506,
            0.08047461144310156,
            -0.0009785463151573397,
            0.00047156314402501873,
            0.0
         ]
      }
   },
   "Cam3": {
      "Lens0": {
         "rotation": [
            17.76769731031384,
            -7.906214613602305,
            207.34645312636505
         ],
         "location": [
            -15.5,
            -7.87,
            -4.5
         ],
         "type": "camera",
         "camera_matrix": [
            2127.319070597423,
            0.0,
            1280.0661436231856,
            0.0,
            2139.316370214829,
            948.7095817029918,
            0.0,
            0.0,
            1.0
         ],
         "distortion_coefficients": [
            -0.10866049945699506,
            0.08047461144310156,
            -0.0009785463151573397,
            0.00047156314402501873,
            0.0
         ]
      },
      "Lens1": {
         "rotation": [
            0.4,
            -18.94,
            268.8
         ],
         "location": [
            -15.5,
            -7.87,
            -4.5
         ],
         "type": "camera",
         "camera_matrix": [
            2127.319070597423,
            0.0,
            1280.0661436231856,
            0.0,
            2139.316370214829,
            948.7095817029918,
            0.0,
            0.0,
            1.0
         ],
         "distortion_coefficients": [
            -0.10866049945699506,
            0.08047461144310156,
            -0.0009785463151573397,
            0.00047156314402501873,
            0.0
         ]
      },