{
   "Seapath": {
      "navref_height": 14.8
   },
   "AIS": {
      "timeout_moving": 6.0,
      "timeout_static": 181.0
   },
   "ARPA": {
      "timeout": 6.0,
      "conning_point": {
         "location": [
            8.425,
            0.16,
            0.0
         ]
      }
   },
   "Cam0": {
      "Lens0": {
         "rotation": [
            15.664446601294523,
            -10.621056131491676,
            299.52618628028165
         ],
         "location": [
            4.13,
            0.3,
            -5.5
         ],
         "type": "camera",
         "camera_matrix": [
            2127.319070597423,
            0.0,
            1280.0661436231856,
            0.0,
            2139.316370214829,
            948.7095817029918,
            0.0,
            0.0,
            1.0
         ],
         "distortion_coefficients": [
            -0.10866049945699506,
            0.08047461144310156,
            -0.0009785463151573397,
            0.00047156314402501873,
            0.0
         ]
      },
      "Lens1": {
         "rotation": [
            -2.200000000000004,
            -17.950000000000003,
            1.6300000000000008
         ],
         "location": [
            4.13,
            0.3,
            -5.5
         ],
         "type": "camera",
         "camera_matrix": [
            2127.319070597423,
            0.0,
            1280.0661436231856,
            0.0,
            2139.316370214829,
            948.7095817029918,
            0.0,
            0.0,
            1.0
         ],
         "distortion_coefficients": [
            -0.10866049945699506,
            0.08047461144310156,
            -0.0009785463151573397,
            0.00047156314402501873,
            0.0
         ]
      },
      "Lens2": {
         "rotation": [
            -17.47690332054903,
            -6.315984305564587,
            62.63997226912636
         ],
         "location": [
            4.13,
            0.3,
            -5.5
         ],
         "type": "camera",
         "camera_matrix": [
            2127.319070597423,
            0.0,
            1280.0661436231856,
            0.0,
            2139.316370214829,
            948.7095817029918,
            0.0,
            0.0,
            1.0
         ],
         "distortion_coefficients": [
            -0.10866049945699506,
            0.08047461144310156,
            -0.0009785463151573397,
            0.00047156314402501873,
            0.0
         ]
      }
   },
   "Cam1": {
      "Lens0": {
         "rotation": [
            17.28101597066035,
            -6.403220764276856,
            25.114741482689737
         ],
         "location": [
            -15.5,
            8.19,
            -5.5
         ],
         "type": "camera",
         "camera_matrix": [
            2127.319070597423,
            0.0,
            1280.0661436231856,
            0.0,
            2139.316370214829,
            948.7095817029918,
            0.0,
            0.0,
            1.0
         ],
         "distortion_coefficients": [
            -0.10866049945699506,
            0.08047461144310156,
            -0.0009785463151573397,
            0.00047156314402501873,
            0.0
         ]
      },
      "Lens1": {
         "rotation": [
            1.09994173816929,
            -17.659958308479442,
            90.90019216774186
         ],
         "location": [
            -15.5,
            8.19,
            -5.5
         ],
         "type": "camera",
         "camera_matrix": [
            2127.319070597423,
            0.0,
            1280.0661436231856,
            0.0,
            2139.316370214829,
            948.7095817029918,
            0.0,
            0.0,
            1.0
         ],
         "distortion_coefficients": [
            -0.10866049945699506,
            0.08047461144310156,
            -0.0009785463151573397,
            0.00047156314402501873,
            0.0
         ]
      },
      "Lens2": {
         "rotation": [
            -15.464580083245622,
            -8.462373113719162,
            156.1095871148576
         ],
         "location": [
            -15.5,
            8.19,
            -5.5
         ],
         "type": "camera",
         "camera_matrix": [
            2127.319070597423,
            0.0,
            1280.0661436231856,
            0.0,
            2139.316370214829,
            948.7095817029918,
            0.0,
            0.0,
            1.0
         ],
         "distortion_coefficients": [
            -0.10866049945699506,
            0.08047461144310156,
            -0.0009785463151573397,
            0.00047156314402501873,
            0.0
         ]
      }
   },
   "Cam2": {
      "Lens0": {
         "rotation": [
            16.575614128778884,
            -7.119349791169848,
            115.45243217151418
         ],
         "location": [
            -69.05,
            0.36,
            -5.5
         ],
         "type": "camera",
         "camera_matrix": [
            2127.319070597423,
            0.0,
            1280.0661436231856,
            0.0,
            2139.316370214829,
            948.7095817029918,
            0.0,
            0.0,
            1.0
         ],
         "distortion_coefficients": [
            -0.10866049945699506,
            0.08047461144310156,
            -0.0009785463151573397,
            0.00047156314402501873,
            0.0
         ]
      },
      "Lens1": {
         "rotation": [
            0.6422060065140882,
            -17.999936096996485,
            181.0489792288793
         ],
         "location": [
            -69.05,
            0.36,
            -5.5
         ],
         "type": "camera",
         "camera_matrix": [
            2127.319070597423,
            0.0,
            1280.0661436231856,
            0.0,
            2139.316370214829,
            948.7095817029918,
            0.0,
            0.0,
            1.0
         ],
         "distortion_coefficients": [
            -0.10866049945699506,
            0.08047461144310156,
            -0.0009785463151573397,
            0.00047156314402501873,
            0.0
         ]
      },
      "Lens2": {
         "rotation": [
            -15.93777466734513,
            -8.11948141310389,
            246.04254808598407
         ],
         "location": [
            -69.05,
            0.36,
            -5.5
         ],
         "type": "camera",
         "camera_matrix": [
            2127.319070597423,
            0.0,
            1280.0661436231856,
            0.0,
            2139.316370214829,
            948.7095817029918,
            0.0,
            0.0,
            1.0
         ],
         "distortion_coefficients": [
            -0.10866049945699506,
            0.08047461144310156,
            -0.0009785463151573397,
            0.00047156314402501873,
            0.0
         ]
      }
   },
   "Cam3": {
      "Lens0": {
         "rotation": [
            18.37220670410576,
            -7.006148744372205,
            203.67097154554028
         ],
         "location": [
            -15.5,
            -7.87,
            -5.5
         ],
         "type": "camera",
         "camera_matrix": [
            2127.319070597423,
            0.0,
            1280.0661436231856,
            0.0,
            2139.316370214829,
            948.7095817029918,
            0.0,
            0.0,
            1.0
         ],
         "distortion_coefficients": [
            -0.10866049945699506,
            0.08047461144310156,
            -0.0009785463151573397,
            0.00047156314402501873,
            0.0
         ]
      },