{
   "Seapath": {
      "navref_height": 14.8
   },
   "AIS": {
      "timeout_moving": 6.0,
      "timeout_static": 181.0
   },
   "ARPA": {
      "timeout": 6.0,
      "conning_point": {
         "location": [
            8.425,
            0.16,
            0.0
         ]
      }
   },
   "Cam0": {
      "Lens0": {
         "rotation": [
            15.664445941342802,
            -10.460250526080474,
            299.4261899152414
         ],
         "location": [
            4.13,
            0.3,
            -4.0
         ],
         "type": "camera",
         "camera_matrix": [
            2127.319070597423,
            0.0,
            1280.0661436231856,
            0.0,
            2139.316370214829,
            948.7095817029918,
            0.0,
            0.0,
            1.0
         ],
         "distortion_coefficients": [
            -0.10866049945699506,
            0.08047461144310156,
            -0.0009785463151573397,
            0.00047156314402501873,
            0.0
         ]
      },
      "Lens1": {
         "rotation": [
            -1.9897879504354736,
            -17.88547991226752,
            1.3152668991730605
         ],
         "location": [
            4.13,
            0.3,
            -4.0
         ],
         "type": "camera",
         "camera_matrix": [
            2127.319070597423,
            0.0,
            1280.0661436231856,
            0.0,
            2139.316370214829,
            948.7095817029918,
            0.0,
            0.0,
            1.0
         ],
         "distortion_coefficients": [
            -0.10866049945699506,
            0.08047461144310156,
            -0.0009785463151573397,
            0.00047156314402501873,
            0.0
         ]
      },
      "Lens2": {
         "rotation": [
            -17.476903320549035,
            -6.395984305564579,
            62.989972269126326
         ],
         "location": [
            4.13,
            0.3,
            -4.0
         ],
         "type": "camera",
         "camera_matrix": [
            2127.319070597423,
            0.0,
            1280.0661436231856,
            0.0,
            2139.316370214829,
            948.7095817029918,
            0.0,
            0.0,
            1.0
         ],
         "distortion_coefficients": [
            -0.10866049945699506,
            0.08047461144310156,
            -0.0009785463151573397,
            0.00047156314402501873,
            0.0
         ]
      }
   },
   "Cam1": {
      "Lens0": {
         "rotation": [
            17.68359875089391,
            -6.490964196324982,
            25.269212468757352
         ],
         "location": [
            -15.5,
            8.19,
            -5.0
         ],
         "type": "camera",
         "camera_matrix": [
            2127.319070597423,
            0.0,
            1280.0661436231856,
            0.0,
            2139.316370214829,
            948.7095817029918,
            0.0,
            0.0,
            1.0
         ],
         "distortion_coefficients": [
            -0.10866049945699506,
            0.08047461144310156,
            -0.0009785463151573397,
            0.00047156314402501873,
            0.0
         ]
      },
      "Lens1": {
         "rotation": [
            1.2314190310309752,
            -18.05981310848253,
            91.25925816639239
         ],
         "location": [
            -15.5,
            8.19,
            -5.0
         ],
         "type": "camera",
         "camera_matrix": [
            2127.319070597423,
            0.0,
            1280.0661436231856,
            0.0,
            2139.316370214829,
            948.7095817029918,
            0.0,
            0.0,
            1.0
         ],
         "distortion_coefficients": [
            -0.10866049945699506,
            0.08047461144310156,
            -0.0009785463151573397,
            0.00047156314402501873,
            0.0
         ]
      },
      "Lens2": {
         "rotation": [
            -16.07163274136681,
            -8.512212078721145,
            156.20185270094646
         ],
         "location": [
            -15.5,
            8.19,
            -5.0
         ],
         "type": "camera",
         "camera_matrix": [
            2127.319070597423,
            0.0,
            1280.0661436231856,
            0.0,
            2139.316370214829,
            948.7095817029918,
            0.0,
            0.0,
            1.0
         ],
         "distortion_coefficients": [
            -0.10866049945699506,
            0.08047461144310156,
            -0.0009785463151573397,
            0.00047156314402501873,
            0.0
         ]
      }
   },
   "Cam2": {
      "Lens0": {
         "rotation": [
            17.280982501348365,
            -7.489169167128213,
            116.06537936842656
         ],
         "location": [
            -69.05,
            0.36,
            -5.5
         ],
         "type": "camera",
         "camera_matrix": [
            2127.319070597423,
            0.0,
            1280.0661436231856,
            0.0,
            2139.316370214829,
            948.7095817029918,
            0.0,
            0.0,
            1.0
         ],
         "distortion_coefficients": [
            -0.10866049945699506,
            0.08047461144310156,
            -0.0009785463151573397,
            0.00047156314402501873,
            0.0
         ]
      },
      "Lens1": {
         "rotation": [
            0.6422060065140883,
            -18.819936096996503,
            180.6489792288793
         ],
         "location": [
            -69.05,
            0.36,
            -5.5
         ],
         "type": "camera",
         "camera_matrix": [
            2127.319070597423,
            0.0,
            1280.0661436231856,
            0.0,
            2139.316370214829,
            948.7095817029918,
            0.0,
            0.0,
            1.0
         ],
         "distortion_coefficients": [
            -0.10866049945699506,
            0.08047461144310156,
            -0.0009785463151573397,
            0.00047156314402501873,
            0.0
         ]
      },
      "Lens2": {
         "rotation": [
            -16.846887406758253,
            -8.419244863983417,
            245.47094586518978
         ],
         "location": [
            -69.05,
            0.36,
            -5.5
         ],
         "type": "camera",
         "camera_matrix": [
            2127.319070597423,
            0.0,
            1280.0661436231856,
            0.0,
            2139.316370214829,
            948.7095817029918,
            0.0,
            0.0,
            1.0
         ],
         "distortion_coefficients": [
            -0.10866049945699506,
            0.08047461144310156,
            -0.0009785463151573397,
            0.00047156314402501873,
            0.0
         ]
      }
   },
   "Cam3": {
      "Lens0": {
         "rotation": [
            18.372206704105764,
            -7.1811487443722095,
            203.82097154553992
         ],
         "location": [
            -15.5,
            -7.87,
            -5.0
         ],
         "type": "camera",
         "camera_matrix": [
            2127.319070597423,
            0.0,
            1280.0661436231856,
            0.0,
            2139.316370214829,
            948.7095817029918,
            0.0,
            0.0,
            1.0
         ],
         "distortion_coefficients": [
            -0.10866049945699506,
            0.08047461144310156,
            -0.0009785463151573397,
            0.00047156314402501873,
            0.0
         ]
      },